model,0,1,2,3,4,5,6,7,8,9,10,11
linear_regression/level=small/opt=Adam_lr=0.001_batch=32_crit=MSELoss,3.4355838298797607,4.937187194824219,3.5810587406158447,2.720257043838501,4.5387396812438965,4.962453365325928,2.977233648300171,4.332120418548584,4.917145252227783,4.827877044677734,5.218712329864502,3.0918428897857666
cnn3d_dropout_0_5/level=small/opt=Adam_lr=0.001_batch=32_crit=MSELoss,0.933182954788208,0.9872618913650512,1.0464558601379397,0.9924609065055848,0.9903537034988404,1.023820161819458,0.8773317933082581,1.0218753814697266,1.0313150882720947,0.9886428117752076,0.9961518049240112,1.04647958278656
cnn3d_dropout_5_5/level=small/opt=Adam_lr=0.001_batch=32_crit=MSELoss,0.9428194165229796,0.9794516563415528,0.9925394654273988,0.9770483374595642,0.9841249585151672,0.9846824407577516,0.9330750703811646,1.003767728805542,0.98908931016922,0.9907426238059998,0.9807031154632568,1.0024735927581787
cnn3d_dropout_5_0/level=small/opt=Adam_lr=0.001_batch=32_crit=MSELoss,0.9083367586135864,0.9868252873420716,0.988381564617157,0.9560571908950806,0.9874492883682252,0.9748306274414062,0.905198574066162,0.9988616108894348,0.9911347031593324,0.9851014614105223,0.98490172624588,1.0011364221572876
cnn3d/level=small/opt=Adam_lr=0.001_batch=32_crit=MSELoss,1.003626585006714,1.100081443786621,1.1531567573547363,1.0281665325164795,1.0616257190704346,1.1341636180877686,0.944735050201416,1.1101956367492676,1.101302146911621,1.1027469635009766,1.0673056840896606,1.0996052026748655
cnn3d_gelu_0_5/level=small/opt=Adam_lr=0.001_batch=4_crit=MSELoss,1.0355510711669922,1.0604400634765625,1.1497188806533811,1.0507287979125977,1.0353844165802002,1.1387311220169067,0.9665759801864624,1.0799158811569214,1.1008946895599363,1.092215657234192,1.015753149986267,1.0757014751434326
cnn3d_gelu_0_5/level=small/opt=Adam_lr=0.001_batch=8_crit=MSELoss,1.0002720355987549,1.035710096359253,1.0439505577087402,1.035417556762695,1.0083736181259155,1.0499391555786133,0.9687350988388062,1.0376123189926147,1.0308866500854492,1.0522594451904297,1.001689076423645,1.0109554529190063
cnn3d_gelu_0_5/level=small/opt=Adam_lr=0.001_batch=32_crit=MSELoss,0.9881255626678468,1.0210298299789429,1.0610564947128296,1.0101215839385986,1.0186585187911987,1.042163610458374,0.9582542181015016,1.024537444114685,1.046988010406494,1.022686243057251,0.9921471476554872,1.0494226217269895
cnn3d_gelu_0_5/level=small/opt=Adam_lr=0.0001_batch=4_crit=MSELoss,0.945373237133026,0.9939639568328856,1.0217841863632202,0.9736482501029968,0.9874574542045592,1.000011920928955,0.9185501337051392,1.0206396579742432,1.0191770792007446,0.9997966289520264,0.9908260703086852,1.0167111158370972
cnn3d_gelu_0_5/level=small/opt=Adam_lr=0.0001_batch=8_crit=MSELoss,0.9352285265922546,0.9930371642112732,1.0220564603805542,0.9767369627952576,0.9821422696113586,0.9940460324287416,0.9034204483032228,1.0181152820587158,1.0017892122268677,0.9864854216575624,0.9911153316497804,1.00685453414917
cnn3d_gelu_0_5/level=small/opt=Adam_lr=0.0001_batch=32_crit=MSELoss,0.9343494176864624,0.98946875333786,0.9923102855682372,0.9740161895751952,0.9876366257667542,0.980213224887848,0.923033893108368,0.9975301027297974,0.9823608994483948,0.9896581172943116,0.9791865944862366,0.9935625195503236
cnn3d_gelu_0_5/level=small/opt=Adam_lr=0.0004_batch=4_crit=MSELoss,1.0079132318496704,1.0497900247573853,1.074481725692749,1.038588285446167,1.03393816947937,1.0524975061416626,0.9357768893241882,1.0718261003494265,1.0420091152191162,1.0339349508285522,1.027694821357727,1.038213849067688
cnn3d_gelu_0_5/level=small/opt=Adam_lr=0.0004_batch=8_crit=MSELoss,0.9858471751213074,1.019885778427124,1.0667444467544556,1.0237880945205688,1.018754959106445,1.0469084978103638,0.9069639444351196,1.0140701532363892,1.0406076908111572,1.0089263916015625,1.0189247131347656,1.034982681274414
cnn3d_gelu_0_5/level=small/opt=Adam_lr=0.0004_batch=32_crit=MSELoss,0.9394834637641908,1.005672812461853,1.0300571918487549,0.97932630777359,0.9956801533699036,1.0300788879394531,0.8894908428192139,1.0197633504867554,1.0145692825317385,1.010561227798462,0.996411919593811,1.0133159160614014
cnn3d_gelu_0_5/level=small/opt=Adam_lr=0.001_batch=64_crit=MSELoss,0.9503292441368104,1.002880573272705,1.0372999906539917,0.98838871717453,1.0145721435546875,1.0332969427108765,0.9094833731651306,1.0270545482635498,1.036537766456604,1.0047646760940552,0.9870867729187012,1.0242242813110352
cnn3d_dropout_5_5/level=small/opt=Adam_lr=0.001_batch=64_crit=MSELoss,0.9430463314056396,0.989151656627655,0.9907598495483398,0.966480016708374,1.0000711679458618,0.9855297207832336,0.9519668221473694,1.001312494277954,0.9959295392036438,0.9925507307052612,0.9905723929405212,1.0004031658172607
cnn3d_dropout_5_0/level=small/opt=Adam_lr=0.001_batch=64_crit=MSELoss,0.9352577328681946,0.978373408317566,0.9940987229347228,0.9674680233001708,0.9888577461242676,0.9843464493751526,0.9207677245140076,0.9973769783973694,0.9913881421089172,0.9810231924057008,0.9740551710128784,0.9996468424797058
cnn3d_gelu_2_6/level=small/opt=Adam_lr=0.001_batch=64_crit=MSELoss,0.9513079524040222,0.9979948401451112,0.9948127269744872,0.980976939201355,1.0041652917861938,0.9934374690055848,0.930391788482666,1.0008280277252195,0.9914760589599608,0.992747962474823,0.9835118055343628,1.0019352436065674
cnn3d_gelu_2_6/level=small/opt=Adam_lr=0.001_batch=8_crit=MSELoss,0.9219179153442384,0.9982635378837584,0.9981341361999512,0.9660284519195556,0.9961164593696594,0.981387972831726,0.9106176495552064,1.0134104490280151,1.00795578956604,1.0017355680465698,0.9966617226600648,1.0078506469726562
cnn3d_big_kernal/level=small/opt=Adam_lr=0.001_batch=8_crit=MSELoss,0.9532893300056458,1.0011934041976929,1.04561448097229,0.9932969212532043,0.9920515418052672,1.0238858461380005,0.9488133788108826,1.0379667282104492,1.0387883186340332,1.0337787866592407,0.9994906187057496,1.0387184619903564
cnn3d_huge_kernal/level=small/opt=Adam_lr=0.001_batch=8_crit=MSELoss,0.9695990681648254,1.044838547706604,1.0739128589630127,0.9898361563682556,1.0479261875152588,1.050475001335144,0.938865602016449,1.0476982593536377,1.051386833190918,1.012121081352234,1.018949270248413,1.0424553155899048
cnn3d_3_layer/level=small/opt=Adam_lr=0.001_batch=8_crit=MSELoss,0.9577365517616272,1.013603925704956,1.0664929151535034,0.987507700920105,1.004291296005249,1.0575937032699585,0.936649203300476,1.0473743677139282,1.0477378368377686,1.053519606590271,1.037152647972107,1.0456277132034302
cnn3d_3_layer_big/level=small/opt=Adam_lr=0.001_batch=8_crit=MSELoss,1.0365580320358276,1.029262900352478,1.1074745655059814,1.0517714023590088,1.028056502342224,1.0946882963180542,0.9790148735046388,1.043041706085205,1.0463297367095947,1.074271321296692,1.010283350944519,1.0530400276184082
cnn3d_fewer_channels/level=small/opt=Adam_lr=0.001_batch=8_crit=MSELoss,0.9401456117630004,0.9917718768119812,1.0077011585235596,0.9647874236106871,0.999333918094635,0.99770325422287,0.9375583529472352,1.007554054260254,1.006209135055542,0.9897990822792052,0.97699773311615,1.0030285120010376
cnn3d_3_layer_fewer_channels/level=small/opt=Adam_lr=0.001_batch=8_crit=MSELoss,0.9916662573814392,1.00169575214386,1.0271403789520264,1.0045636892318726,1.009884476661682,1.014020323753357,0.9393908977508544,1.0037950277328491,1.0040453672409058,1.0265690088272097,0.998744249343872,1.0195159912109375
cnn3d_gelu_2_6/level=slgt_small/opt=Adam_lr=0.001_batch=8_crit=MSELoss,0.78774094581604,0.9930161237716676,0.9817087650299072,0.8327131867408752,0.9942481517791748,0.9779537916183472,0.9166377782821656,0.989354133605957,1.0002461671829224,0.9192612171173096,0.9929702281951904,0.9983072876930236
cnn3d_gelu_0_5/level=slgt_small/opt=Adam_lr=0.001_batch=8_crit=MSELoss,0.7661232352256775,1.0000998973846436,0.9902524948120116,0.8167423009872437,0.9992715716362,0.9873191714286804,0.9074813723564148,0.9866740703582764,1.0061837434768677,0.8742808699607849,0.9929161667823792,1.0021544694900513
cnn3d_3_layer/level=slgt_small/opt=Adam_lr=0.001_batch=8_crit=MSELoss,0.7451021671295166,0.9917047023773192,0.9760942459106444,0.8013534545898438,0.9949020743370056,0.9676576256752014,0.8957408666610718,0.9801385402679444,0.9993006587028505,0.8858153223991394,0.9890803694725036,0.9961465001106262
cnn3d_fewer_channels/level=slgt_small/opt=Adam_lr=0.001_batch=8_crit=MSELoss,0.7915706038475037,0.994160771369934,0.9814543128013612,0.8370558619499207,0.9958648681640624,0.9787120223045348,0.9585578441619872,0.9937120079994202,0.9996782541275024,0.9444319605827332,0.9950256943702698,0.999462366104126
cnn3d_3_layer_big/level=slgt_small/opt=Adam_lr=0.001_batch=8_crit=MSELoss,0.7653841376304626,0.9990420937538148,0.9890393614768982,0.8181697130203247,1.0018959045410156,0.9811020493507384,0.9277918338775636,0.9832205772399902,1.0042732954025269,0.9070839285850524,0.9938415288925172,0.9974177479743958
cnn3d_gelu_2_6/level=slgt_small/opt=Adam_lr=0.0001_batch=4_crit=MSELoss,0.8164766430854797,0.9941275715827942,0.980672299861908,0.8656607866287231,0.995788872241974,0.9764859676361084,0.952579140663147,0.9907906651496888,1.001034140586853,0.9508031606674194,0.9937135577201844,0.9976754784584044
cnn3d_gelu_2_6/level=slgt_small/opt=Adam_lr=0.0001_batch=32_crit=MSELoss,0.8219634294509888,0.9947471022605896,0.9805626273155212,0.869223415851593,0.9976096749305724,0.975969672203064,0.9570106267929076,0.9918144941329956,1.000985860824585,0.9473169445991516,0.993413507938385,0.9979000687599182
cnn3d_gelu_2_6/level=slgt_small/opt=Adam_lr=0.005_batch=4_crit=MSELoss,0.7940546274185181,0.9971721172332764,0.9865370988845824,0.8402990102767944,0.9976305961608888,0.9808939099311828,0.910004198551178,0.9920964241027832,1.0057015419006348,0.8999481201171875,0.9912386536598206,1.004926085472107
cnn3d_gelu_2_6/level=slgt_small/opt=Adam_lr=0.005_batch=32_crit=MSELoss,0.7915637493133545,0.9945613741874696,0.9805212616920472,0.8289993405342102,0.9960592985153198,0.9769597053527832,0.9147422909736632,0.9876296520233154,0.9982634782791138,0.9000294208526611,0.99323570728302,0.9978899955749512
cnn3d_3_layer_fewer_channels/level=slgt_small/opt=Adam_lr=0.005_batch=32_crit=MSELoss,0.7622320652008057,0.9951489567756652,0.9821973443031312,0.8033140897750854,0.9969524145126344,0.9777555465698242,0.9232014417648317,0.9917575120925904,0.9997612833976746,0.9124109148979188,0.9932088255882264,0.9979847073554992
cnn3d_3_layer_big/level=slgt_small/opt=Adam_lr=0.005_batch=32_crit=MSELoss,0.7865879535675049,0.9976062774658204,0.988579273223877,0.8325032591819763,0.9980508685112,0.9838048219680786,0.9253223538398744,0.9872549176216124,1.0026373863220217,0.8945809602737427,0.9911826252937316,0.994417369365692
cnn3d_3_layer/level=slgt_small/opt=Adam_lr=0.005_batch=32_crit=MSELoss,0.739382266998291,0.9886389374732972,0.9732581973075868,0.7964334487915039,0.9931925535202026,0.9699510931968688,0.8878491520881653,0.9742256999015808,0.996529459953308,0.8764905333518982,0.9889960885047911,0.9956255555152892
cnn3d_3_layer_1_3/level=slgt_small/opt=Adam_lr=0.005_batch=32_crit=MSELoss,0.763728141784668,1.0062284469604492,1.0032966136932373,0.8071563839912415,1.0078829526901243,0.9908165335655212,0.912022054195404,0.9845722913742064,1.0106055736541748,0.8867987394332886,0.9965643882751464,1.0089296102523804
cnn3d_3_layer_fewer_channels_1_3/level=slgt_small/opt=Adam_lr=0.005_batch=32_crit=MSELoss,0.7603389024734497,0.9997512698173524,0.977930188179016,0.8080870509147644,1.0008033514022827,0.97196227312088,0.9277701377868652,0.9856203198432922,0.998557448387146,0.9011939764022828,0.9911248087882996,0.9953030943870544
cnn3d_3_layer_fewer_channels/level=slgt_small/opt=Adam_lr=0.01_batch=64_crit=MSELoss,0.7944014668464661,0.99508935213089,0.9811915755271912,0.8392349481582642,0.9963971376419068,0.97523432970047,0.9316778779029846,0.9939209818840028,0.999976933002472,0.9323925971984864,0.9948888421058656,0.9980127811431884
cnn3d_3_layer_big/level=slgt_small/opt=Adam_lr=0.01_batch=64_crit=MSELoss,0.7623997926712036,0.991826355457306,0.9820742011070251,0.8090299963951111,0.9940619468688964,0.9763042330741882,0.9096675515174866,0.9909974336624146,0.9983486533164978,0.9070292115211488,0.9909599423408508,1.000340700149536
cnn3d_3_layer/level=slgt_small/opt=Adam_lr=0.01_batch=64_crit=MSELoss,0.7613043189048767,0.9875906705856324,0.9781643152236938,0.8055639266967773,0.9941897988319396,0.9703547358512878,0.9149913191795348,0.978717803955078,0.99998676776886,0.8760307431221008,0.9896167516708374,0.9937984943389891
cnn3d_3_layer_1_3/level=slgt_small/opt=Adam_lr=0.01_batch=64_crit=MSELoss,0.7801273465156555,1.0068928003311155,0.9969645738601683,0.80478435754776,1.0081247091293335,0.9958322048187256,0.9189875721931458,0.982877552509308,1.0073033571243286,0.8876233696937561,0.9954445958137512,1.004469871520996
cnn3d_3_layer_big_1_3/level=slgt_small/opt=Adam_lr=0.01_batch=64_crit=MSELoss,0.7449185252189636,1.0185669660568235,1.0152900218963623,0.7918320298194885,1.0201987028121948,1.002834439277649,0.9235581159591676,0.992881715297699,1.0200095176696775,0.8948432207107544,1.0094138383865356,1.0040227174758911
cnn3d_3_layer_fewer_channels_1_3/level=slgt_small/opt=Adam_lr=0.01_batch=64_crit=MSELoss,0.7536115646362305,0.9974675178527832,0.9845698475837708,0.8125105500221252,0.9969263076782228,0.9766762256622314,0.9180582761764526,0.9833447337150574,0.998827338218689,0.9052363634109496,0.9937669038772584,0.9995525479316713
cnn3d_4_layer/level=slgt_small/opt=Adam_lr=0.005_batch=32_crit=MSELoss,0.7475971579551697,0.9936290383338928,0.9794431924819946,0.8041325807571411,0.9955888986587524,0.9733972549438475,0.8946759700775146,0.9798662662506104,0.9975892305374146,0.8904922008514404,0.986389935016632,0.9973214864730836
cnn3d_3_layer_big_0/level=slgt_small/opt=Adam_lr=0.005_batch=32_crit=MSELoss,0.8283541202545166,1.1791373491287231,1.151578664779663,0.9003852605819702,1.177843689918518,1.146152138710022,1.0453766584396362,1.177836537361145,1.1935999393463137,1.0139607191085815,1.2103546857833862,1.2142308950424194
cnn3d_3_layer_big_1_3/level=slgt_small/opt=Adam_lr=0.005_batch=32_crit=MSELoss,0.7713059186935425,1.04372239112854,1.029611110687256,0.8172403573989868,1.0352976322174072,1.0228155851364136,0.9381008744239808,0.9980205297470092,1.032056212425232,0.8936958909034729,1.018235445022583,1.0127912759780884
cnn3d_4_layer_1_3/level=slgt_small/opt=Adam_lr=0.005_batch=32_crit=MSELoss,0.76225346326828,1.0303202867507937,1.019999861717224,0.8263829946517944,1.0259225368499756,1.0031412839889526,0.9363776445388794,0.9997996091842652,1.0286117792129517,0.9059179425239564,1.002940058708191,1.019155502319336
cnn3d_4_layer_big/level=slgt_small/opt=Adam_lr=0.005_batch=32_crit=MSELoss,0.7778177857398987,0.9938989281654358,0.9771109223365784,0.8278846144676208,0.9989190101623536,0.9753742218017578,0.920501172542572,0.9741981029510498,1.000576138496399,0.8968957662582397,0.9848307371139526,0.9999635815620422
cnn3d_4_layer_big_1_3/level=slgt_small/opt=Adam_lr=0.005_batch=32_crit=MSELoss,0.7860496044158936,1.059636116027832,1.0362499952316284,0.8501509428024292,1.0585731267929075,1.0142520666122437,0.9535908699035645,1.0165189504623413,1.0414105653762815,0.9091219305992126,1.018311858177185,1.0186102390289309
cnn3d_gelu_0_5/level=full/opt=Adam_lr=0.001_batch=8_crit=MSELoss,0.9793258905410768,1.0004552602767944,1.0483741760253906,1.001274585723877,0.995595932006836,1.016594648361206,0.926590859889984,0.9796571731567384,1.0322265625,1.0291709899902344,1.0068079233169556,1.013786792755127
cnn3d_gelu_2_6/level=full/opt=Adam_lr=0.001_batch=8_crit=MSELoss,0.9303120970726012,0.992012083530426,1.0051017999649048,0.9503694176673888,0.9841222763061525,0.9820208549499512,0.9254776239395142,1.0096673965454102,1.000048279762268,0.9893468618392944,1.0014874935150146,0.995518445968628
cnn3d_big_kernal/level=full/opt=Adam_lr=0.001_batch=8_crit=MSELoss,0.9738410115242004,1.009164810180664,1.0102275609970093,0.991491675376892,1.0082772970199585,0.9928112626075744,0.9212957620620728,1.0000087022781372,1.0170782804489136,1.0219265222549438,1.010320782661438,1.0103912353515625
cnn3d_huge_kernal/level=full/opt=Adam_lr=0.001_batch=8_crit=MSELoss,0.9514516592025756,1.0059683322906494,1.010867476463318,0.972625494003296,0.9973959922790528,0.9874155521392822,0.9461855292320251,1.000957489013672,1.000738263130188,1.0199387073516846,1.0153661966323853,1.0019373893737793
cnn3d_3_layer/level=full/opt=Adam_lr=0.001_batch=8_crit=MSELoss,0.946918785572052,1.0169254541397097,1.0173357725143433,0.9653099179267884,1.0137604475021362,0.9975853562355042,0.9249753952026368,1.003571391105652,1.010370135307312,1.0207289457321167,1.0195248126983645,0.9974711537361144
cnn3d_3_layer_big/level=full/opt=Adam_lr=0.001_batch=8_crit=MSELoss,0.9506593942642212,1.0284157991409302,1.018371343612671,0.9793201684951782,1.0197162628173828,1.0059359073638916,0.935712993144989,0.9928082823753356,1.008406400680542,1.0193825960159302,1.007757306098938,1.0027475357055664
cnn3d_fewer_channels/level=full/opt=Adam_lr=0.001_batch=8_crit=MSELoss,0.9516433477401732,0.9975796341896056,0.9982200860977172,0.9675987362861632,0.9979082942008972,0.9896442294120787,0.9680084586143494,1.0059607028961182,0.9939780831336976,1.000741720199585,1.0009132623672483,1.0016268491744995
cnn3d_3_layer_fewer_channels/level=full/opt=Adam_lr=0.001_batch=8_crit=MSELoss,0.9457314610481262,1.0007113218307495,0.9943666458129884,0.954754114151001,0.9989054203033448,0.9844514727592468,0.9692023992538452,1.0036249160766602,0.9954070448875428,1.0083637237548828,1.0128207206726074,1.0045123100280762
